Airline_Name,Account_Number
Pia,7804243020036
Emirates,14140635990870
Etihad Airways,18320931121520
Thai Airways,24648427379428
United Airlines,38726197176333
Air Blue,41609557715988
Singapore Airlines,55549043123543
Qatar Airways,71679639232424
Gulf Air,74718368125388
Fly Dubai,81272076064581
Serene Airways,84583717081011
British Airways,85568753366842
American Airlines,98679682910364
EVA Air,107543997244294
Turkish Airlines,112518509849931
Air Canada,115716626324628
Air China,124336682715289
IndiGo,129400541184968
Virgin Austrailia,134361808881070
Air France,151333222280637
