Account_Number,Bank_Name,Security_Key,Expiry_Date,Card_Type,Account_Balance
7804243020036,Dubai Islamic,135,2033-05-31,Visa,97788
14140635990870,Dubai Islamic,120,1986-01-28,Visa,8454
18320931121520,Soneri,681,1987-03-27,Visa,95863
24648427379428,Soneri,849,1983-04-27,Visa,97941
38726197176333,JS Bank,685,2046-05-31,MasterCard,80452
41609557715988,JS Bank,56,2023-10-21,Discover Card,25534
55549043123543,Dubai Islamic,422,2027-02-19,MasterCard,18729
71679639232424,JS Bank,551,1999-03-28,MasterCard,97995
74718368125388,Standard Chartered,2,1979-08-09,Visa,85336
81272076064581,Punjab,170,2043-11-20,American Expres,48370
84583717081011,Habib,332,1995-02-06,MasterCard,69177
85568753366842,Soneri,503,2023-09-03,MasterCard,12294
98679682910364,Alfalah,32,2056-01-15,Discover Card,77680
107543997244294,Dubai Islamic,233,2018-10-12,MasterCard,80126
112518509849931,Alfalah,789,2056-10-07,Visa,91328
115716626324628,Punjab,756,1971-08-25,American Expres,75248
124336682715289,Habib,469,2005-06-02,MasterCard,79754
129400541184968,Dubai Islamic,773,1974-11-04,Visa,60479
134361808881070,Soneri,488,1994-02-14,MasterCard,25473
151333222280637,Punjab,447,2057-06-10,Visa,36779
177022718674245,Soneri,198,2029-02-17,MasterCard,33235
196429587265563,Soneri,994,1982-03-02,Visa,49278
209060923255829,Standard Chartered,185,2016-02-21,Visa,63466
212079668016616,Punjab,545,1970-03-21,MasterCard,95806
260954367958667,Dubai Islamic,647,2016-12-28,Visa,18231
268682530247059,Habib,809,1983-06-13,Visa,55769
288519017720044,Soneri,586,2030-10-08,MasterCard,33131
293764035262146,Standard Chartered,179,2047-12-31,Visa,35094
309017682273924,Standard Chartered,855,2059-11-05,MasterCard,99243
314865796510650,Alfalah,111,2050-12-17,American Expres,80208
331191506941979,Dubai Islamic,940,1987-05-04,Discover Card,69551
362479682279933,Alfalah,852,2032-10-09,MasterCard,5035
374509359302074,Alfalah,764,2015-12-03,Visa,13958
386987162510024,Dubai Islamic,382,2054-12-04,MasterCard,30263
391769305606914,Punjab,386,2019-07-12,Discover Card,25181
399007124137609,Alfalah,549,2008-08-31,Visa,71440
399070603056100,Alfalah,879,2018-07-12,Visa,19416
418732383560314,Soneri,689,2056-12-13,Visa,69977
429498979411310,Punjab,887,2006-07-09,American Expres,60759
436267875854461,Punjab,817,1991-11-30,MasterCard,46414
438368888720514,Dubai Islamic,327,2038-07-11,American Expres,9276
443328535870035,Soneri,606,2025-10-30,MasterCard,2512
452877798119411,Punjab,161,2050-05-03,Discover Card,88563
455647171195801,Habib,665,2004-07-13,MasterCard,12343
470665612343363,Standard Chartered,576,2043-05-26,MasterCard,28650
479356821105217,Habib,571,2033-10-18,MasterCard,3252
489253283970543,Standard Chartered,621,1991-09-22,Visa,56111
503279646309966,Dubai Islamic,548,1984-12-18,Visa,54742
505163482363673,Habib,27,2024-01-22,MasterCard,30484
509556472556006,Standard Chartered,673,2005-09-12,Visa,76121
527945716739241,Soneri,476,2039-10-13,Visa,94471
533843156579259,Soneri,455,2029-05-27,Visa,79555
579353140901005,Alfalah,860,2003-12-16,Discover Card,2314
582059184967722,Alfalah,385,2011-09-27,American Expres,81150
590158331889231,Punjab,474,2022-05-02,Visa,66243
614365143892418,Alfalah,615,2023-01-29,Discover Card,90295
634724591564372,Punjab,486,2043-11-13,MasterCard,17100
647269555843744,Punjab,648,1990-05-05,MasterCard,4384
649953038171462,Punjab,183,2006-02-26,Visa,94301
656639698271780,Alfalah,122,2021-10-21,MasterCard,71632
656755435068597,Soneri,795,1996-03-31,American Expres,66792
659252841084506,Standard Chartered,520,2004-02-10,Visa,42042
660139764409011,Soneri,889,1996-07-26,American Expres,4925
673302437577030,Alfalah,833,1977-01-23,MasterCard,92432
680290903466874,Standard Chartered,990,2034-09-06,MasterCard,99625
712817303518091,Alfalah,345,2026-05-23,MasterCard,60418
729121170384920,Standard Chartered,270,2039-01-04,Discover Card,46134
741659044722595,Punjab,788,2035-11-19,MasterCard,27962
745829780072278,Alfalah,534,1987-09-08,Visa,4644
751234308449792,Alfalah,131,2007-06-17,MasterCard,38586
774030181485602,Dubai Islamic,802,2047-03-26,MasterCard,99256
779252955348853,Soneri,479,1985-09-17,American Expres,24069
790596570405326,Alfalah,964,2047-12-02,Visa,2572
792383038177989,Standard Chartered,443,2018-12-16,Discover Card,48939
793678971133807,Alfalah,279,2042-01-01,Visa,33500
799132890080607,Habib,404,2034-02-06,MasterCard,4429
809694395787139,JS Bank,972,1980-03-11,MasterCard,61099
822271197224591,JS Bank,457,2017-06-12,Visa,23452
824197800270036,Habib,127,2049-03-18,American Expres,46471
828620562696419,Alfalah,547,2008-04-04,American Expres,766
840489185256002,JS Bank,744,1988-12-09,MasterCard,46483
849679688630791,Alfalah,275,1987-08-14,Discover Card,56875
862777885521816,JS Bank,726,1991-01-30,Visa,27937
863553762791530,Soneri,638,2009-01-25,MasterCard,65480
866144612066660,Habib,657,1991-03-21,MasterCard,57493
886893001160277,Soneri,712,1971-06-05,MasterCard,9420
891565060611430,Soneri,373,2042-06-06,MasterCard,36433
893183460758706,Soneri,311,2049-01-20,Visa,98854
900667246600174,Standard Chartered,649,1995-05-13,Visa,14900
904947021271099,Standard Chartered,841,1976-10-29,MasterCard,22965
906540499914050,Alfalah,105,2015-03-06,Discover Card,48257
909496169968475,JS Bank,256,1984-12-01,MasterCard,94843
921224470708193,Punjab,765,2056-06-14,Visa,14462
943572481232232,Punjab,393,2043-07-15,MasterCard,66611
944920078744145,Habib,491,2003-05-09,MasterCard,4407
945025766397217,Soneri,605,2005-03-06,Visa,11323
948342035458032,Dubai Islamic,379,2012-03-19,Visa,29821
950457476998601,Punjab,168,2008-03-23,Visa,89548
964143366082656,Punjab,151,1982-12-27,MasterCard,8722
968468120434606,Soneri,977,2019-05-20,MasterCard,55931
